{"cameraMode":{"drawMode":0,"name":"Shaded","section":"Shading Mode"},"sceneLighting":true,"audioPlay":false,"sceneViewState":{"m_AlwaysRefresh":false,"showFog":true,"showSkybox":true,"showFlares":true,"showImageEffects":true,"showParticleSystems":true,"showVisualEffectGraphs":true,"m_FxEnabled":true},"in2DMode":false,"pivot":{"x":7.3671345710754398,"y":10.35067367553711,"z":1.0965220928192139},"rotation":{"x":-0.03630252927541733,"y":0.00209674215875566,"z":-0.00007367500074906275,"w":-0.9993495345115662},"size":10.78873062133789,"orthographic":false}