{"cameraMode":{"drawMode":0,"name":"Shaded","section":"Shading Mode"},"sceneLighting":false,"audioPlay":false,"sceneViewState":{"m_AlwaysRefresh":false,"showFog":true,"showSkybox":false,"showFlares":true,"showImageEffects":true,"showParticleSystems":true,"showVisualEffectGraphs":true,"m_FxEnabled":true},"in2DMode":false,"pivot":{"x":37.52470016479492,"y":0.2532598376274109,"z":0.2023223638534546},"rotation":{"x":-0.05727742612361908,"y":-0.00838804617524147,"z":0.0004836869484279305,"w":-0.9983344674110413},"size":1.2524412870407105,"orthographic":false}